region,sub-region,Country,City,lat,lng,Jan,Feb,Mar,Apr,May,Jun,Jul,Aug,Sep,Oct,Nov,Dec,Year
Africa,Sub-Saharan Africa,Ivory Coast,Gagnoa,6.1333,-5.9333,183.0,180.0,196.0,188.0,181.0,118.0,97.0,80.0,110.0,155.0,171.0,164.0,1823.0
Africa,Sub-Saharan Africa,Ivory Coast,Bouaké,7.6833,-5.0167,242.0,224.0,219.0,194.0,208.0,145.0,104.0,82.0,115.0,170.0,191.0,198.0,2092.0
Africa,Sub-Saharan Africa,Ivory Coast,Abidjan,5.3167,-4.0333,223.0,223.0,239.0,214.0,205.0,128.0,137.0,125.0,139.0,215.0,224.0,224.0,2296.0
Africa,Sub-Saharan Africa,Ivory Coast,Odienné,9.5,-7.5667,242.0,220.2,217.3,214.7,248.8,221.8,183.5,174.5,185.4,235.8,252.0,242.6,2638.6
Africa,Sub-Saharan Africa,Benin,Cotonou,6.3667,2.4333,213.9,210.0,223.2,219.0,213.9,141.0,136.4,148.8,165.0,207.7,243.0,223.2,2345.2
Africa,Sub-Saharan Africa,Benin,Parakou,9.35,2.6167,261.0,243.0,252.0,230.0,239.0,193.0,133.0,104.0,129.0,217.0,252.0,248.0,2501.0
Africa,Sub-Saharan Africa,Benin,Kandi,11.1286,2.9369,279.0,257.6,260.4,255.0,272.8,252.0,223.2,195.3,213.0,275.9,282.0,279.0,3045.2
Africa,Sub-Saharan Africa,Togo,Lomé,6.1319,1.2228,217.5,214.0,227.9,201.9,208.6,146.0,141.6,148.8,152.5,205.5,234.0,235.6,2333.9
Africa,Sub-Saharan Africa,Togo,Mango,10.3556,0.4756,285.0,254.0,270.0,241.0,261.0,219.0,168.0,131.0,161.0,273.0,284.0,279.0,2826.0
Africa,Sub-Saharan Africa,Ghana,Accra,5.55,-0.2,217.0,226.0,217.0,210.0,217.0,150.0,155.0,155.0,180.0,217.0,240.0,248.0,2432.0
Africa,Sub-Saharan Africa,Ghana,Tamale,9.4075,-0.8533,265.6,235.7,249.6,229.0,248.0,212.0,171.5,139.0,161.0,260.9,283.0,263.5,2718.7
Africa,Sub-Saharan Africa,Ghana,Kumasi,6.7,-1.625,186.6,187.2,205.4,204.0,204.7,146.3,101.2,77.0,106.2,161.4,193.8,178.0,1951.8
Africa,Sub-Saharan Africa,Cameroon,Garoua,9.3,13.4,275.0,252.6,260.1,245.4,256.7,224.4,194.0,187.2,204.5,261.5,279.2,286.5,2927.1
Africa,Sub-Saharan Africa,Cameroon,N'Gaoundéré,7.3167,13.5833,286.4,258.7,235.4,195.5,195.4,165.7,128.0,127.8,139.0,184.0,264.1,291.4,2471.4
Africa,Sub-Saharan Africa,Cameroon,Douala,4.05,9.7,184.0,179.0,170.0,174.0,169.0,107.0,55.0,46.0,79.0,120.0,160.0,175.0,1618.0
Africa,Sub-Saharan Africa,Cameroon,Yaoundé,3.8667,11.5167,177.0,172.0,149.0,153.0,158.0,112.0,85.0,83.0,97.0,120.0,159.0,179.0,1644.0
Africa,Sub-Saharan Africa,Gabon,Libreville,0.3903,9.4542,175.2,176.8,176.9,176.8,159.5,130.6,119.2,90.4,95.9,112.9,134.6,167.8,1716.6
Africa,Sub-Saharan Africa,Gabon,Port-Gentil,-0.7167,8.7833,150.4,160.8,154.5,151.5,147.8,156.3,163.1,135.3,125.7,116.1,115.1,147.2,1723.8
Africa,Sub-Saharan Africa,Nigeria,Lagos,6.455,3.3841,164.3,169.5,173.6,180.0,176.7,114.0,99.2,108.5,114.0,167.4,186.0,192.2,1845.4
Africa,Sub-Saharan Africa,Nigeria,Makurdi,7.7333,8.5,236.0,226.0,223.0,216.0,223.0,177.0,143.0,118.0,144.0,198.0,228.0,248.0,2380.0
Africa,Sub-Saharan Africa,Nigeria,Jos,9.9167,8.8903,307.0,274.0,260.0,220.0,208.0,201.0,151.0,127.0,171.0,242.0,294.0,313.0,2768.0
Africa,Sub-Saharan Africa,Nigeria,Kano,12.0,8.5167,275.0,255.0,267.0,252.0,273.0,261.0,233.0,186.0,237.0,295.0,297.0,285.0,3114.0
Africa,Sub-Saharan Africa,Nigeria,Sokoto,13.0622,5.2339,279.0,269.0,282.0,255.0,279.0,282.0,229.0,208.0,243.0,307.0,297.0,288.0,3238.0
Africa,Northern Africa,Sudan,Port Sudan,19.6167,37.2167,214.0,230.0,282.0,312.0,338.0,309.0,307.0,298.0,300.0,307.0,249.0,236.0,3382.0
Africa,Northern Africa,Sudan,Khartoum,15.6,32.5,341.0,311.0,310.0,330.0,300.0,300.0,279.0,279.0,300.0,310.0,330.0,341.0,3737.1
Africa,Sub-Saharan Africa,Eritrea,Asmara,15.3228,38.925,304.7,289.1,300.7,300.5,298.5,271.5,217.9,220.1,260.4,301.0,292.5,299.1,3361.0
Africa,Sub-Saharan Africa,Burkina Faso,Ouagadougou,12.3686,-1.5275,287.0,263.0,264.0,256.0,277.0,264.0,240.0,223.0,217.0,273.0,288.0,284.0,3136.0
Africa,Sub-Saharan Africa,Burkina Faso,Ouahigouya,13.5833,-2.4167,291.0,267.0,280.0,268.0,284.0,272.0,258.0,253.0,261.0,280.0,288.0,280.0,3282.0
Africa,Sub-Saharan Africa,Niger,Niamey,13.515,2.1175,297.6,263.2,269.7,252.0,279.0,267.0,257.3,235.6,235.6,282.6,282.0,279.0,3203.2
Africa,Sub-Saharan Africa,Chad,N'Djamena,12.11,15.05,297.6,277.2,282.1,273.0,285.2,258.0,213.9,201.5,228.0,285.2,300.0,303.8,3205.5
Africa,Sub-Saharan Africa,Chad,Abéché,13.8331,20.8347,316.2,291.2,300.7,300.0,313.1,300.0,254.2,226.3,261.0,306.9,312.0,319.3,3500.9
Africa,Sub-Saharan Africa,Gambia,Banjul,13.4531,-16.5775,279.0,282.0,310.0,300.0,310.0,270.0,186.0,186.0,180.0,248.0,240.0,279.0,3070.0
Africa,Sub-Saharan Africa,Senegal,Dakar,14.6928,-17.4467,253.0,249.0,303.0,301.0,299.0,259.0,233.0,204.0,219.0,254.0,256.0,249.0,3078.0
Africa,Sub-Saharan Africa,Senegal,Thiès,14.7833,-16.9167,267.0,260.0,325.0,332.0,324.0,276.0,226.0,188.0,221.0,267.0,271.0,257.0,3214.0
Africa,Sub-Saharan Africa,Somalia,Mogadishu,2.0392,45.3419,268.0,251.0,282.0,260.0,273.0,218.0,226.0,253.0,265.0,267.0,261.0,259.0,3082.0
Africa,Sub-Saharan Africa,Mali,Timbuktu,16.7758,-3.0094,263.9,249.6,269.9,254.6,275.3,234.7,248.6,255.3,248.9,273.0,274.0,258.7,3106.5
Africa,Sub-Saharan Africa,Mali,Bamako,12.6392,-8.0028,277.4,253.0,268.1,230.4,242.6,233.6,216.6,218.3,221.7,253.7,270.7,268.9,2954.1
Africa,Northern Africa,Algeria,Algiers,36.7539,3.0589,149.0,165.0,202.0,258.0,319.0,318.0,350.0,319.0,237.0,229.0,165.0,136.0,2847.0
Africa,Northern Africa,Algeria,Tamanrasset,22.7889,5.5256,297.6,275.5,322.4,327.0,328.6,306.0,356.5,331.7,288.0,310.0,285.0,272.8,3686.0
Africa,Northern Africa,Tunisia,Tunis,36.8064,10.1817,145.7,165.3,198.4,225.0,282.1,309.0,356.5,328.6,258.0,217.0,174.0,148.8,2808.4
Africa,Northern Africa,Tunisia,Gabes,33.8833,10.1167,220.1,215.6,251.1,267.0,313.1,321.0,372.0,353.4,279.0,260.4,228.0,210.8,3291.5
Africa,Northern Africa,Morocco,Rabat,34.0209,-6.8416,179.8,183.6,232.5,255.0,291.4,288.0,316.2,306.9,261.0,235.6,189.0,179.8,2918.8
Africa,Northern Africa,Morocco,Marrakech,31.63,-8.0089,220.1,211.8,248.0,255.0,288.3,315.0,334.8,316.2,264.0,244.9,213.0,220.1,3131.2
Africa,Northern Africa,Egypt,Alexandria,31.1975,29.8925,217.0,226.2,279.0,318.0,337.9,357.0,372.0,368.9,333.0,306.9,246.0,207.7,3579.5
Africa,Northern Africa,Egypt,Cairo,30.0444,31.2358,229.4,234.9,279.0,306.0,331.7,363.0,372.0,356.5,318.0,294.5,246.0,210.8,3541.8
Africa,Northern Africa,Libya,Tripoli,32.8872,13.1914,206.0,214.0,237.0,250.0,315.0,312.0,376.0,352.0,271.0,244.0,212.0,198.0,3187.0
Africa,Northern Africa,Libya,Benghazi,32.1167,20.0667,179.8,192.0,232.5,252.0,319.3,327.0,381.3,365.8,288.0,251.1,213.0,167.4,3169.2
Africa,Sub-Saharan Africa,Kenya,Mombasa,-4.05,39.6667,269.7,257.1,269.7,225.0,204.6,207.0,210.8,244.9,246.0,272.8,264.0,260.4,2932.0
Africa,Sub-Saharan Africa,Kenya,Nairobi,-1.2864,36.8172,288.3,266.0,267.0,204.0,189.1,159.0,130.2,127.1,180.0,226.3,198.0,257.3,2492.3
Africa,Sub-Saharan Africa,Kenya,Garissa,-0.4569,39.6583,251.1,235.2,263.5,273.0,282.1,255.0,254.2,257.3,270.0,279.0,252.0,241.8,3114.2
Africa,Sub-Saharan Africa,Kenya,Lodwar,3.1167,35.6,319.0,280.0,282.0,279.0,307.0,297.0,279.0,310.0,321.0,316.0,282.0,310.0,3582.0
Africa,Sub-Saharan Africa,Angola,Luanda,-8.8383,13.2344,219.0,208.0,213.0,199.0,233.0,223.0,175.0,150.0,145.0,164.0,199.0,212.0,2341.0
Africa,Sub-Saharan Africa,South Sudan,Juba,4.85,31.6,288.3,237.8,220.1,195.0,241.8,225.0,182.9,213.9,225.0,235.6,237.0,251.1,2753.5
Africa,Sub-Saharan Africa,South Sudan,Wau,7.7,28.0,300.7,269.7,260.4,228.0,254.2,237.0,176.7,192.2,210.0,229.4,267.0,303.8,2929.1
Africa,Sub-Saharan Africa,"Tanzania, United Republic of",Dar-es-Salaam,-6.8161,39.2803,251.0,241.0,217.0,156.0,192.0,231.0,251.0,242.0,243.0,254.0,270.0,287.0,2815.0
Africa,Sub-Saharan Africa,"Tanzania, United Republic of",Zanzibar,-6.165,39.199,251.0,243.0,213.0,180.0,210.0,220.0,235.0,253.0,254.0,270.0,250.0,259.0,2838.0
Africa,Sub-Saharan Africa,"Tanzania, United Republic of",Tabora,-5.0167,32.8,216.0,218.0,219.0,227.0,283.0,303.0,310.0,297.0,312.0,301.0,240.0,217.0,3143.0
Africa,Sub-Saharan Africa,"Tanzania, United Republic of",Dodoma,-6.1731,35.7419,241.8,217.5,241.8,240.0,279.0,294.0,341.0,297.6,300.0,310.0,303.0,269.7,3335.4
Africa,Sub-Saharan Africa,Ethiopia,Mekelle,13.4969,39.4769,294.2,276.7,279.9,277.2,303.2,230.1,165.5,166.5,248.7,291.1,292.8,303.5,3129.4
Africa,Sub-Saharan Africa,Ethiopia,Addis Abeba,9.03,38.74,269.7,246.5,248.0,213.0,217.0,156.0,111.6,133.3,138.0,266.6,267.0,266.6,2440.3
Africa,Sub-Saharan Africa,Congo,Brazzaville,-4.2694,15.2711,168.0,152.0,194.0,185.0,188.0,153.0,127.0,149.0,145.0,150.0,157.0,147.0,1915.0
Africa,Sub-Saharan Africa,Congo,Pointe-Noire,-4.7975,11.8503,157.0,156.0,164.0,160.0,150.0,132.0,119.0,106.0,70.0,93.0,123.0,144.0,1574.0
Africa,Sub-Saharan Africa,Congo,Dolisie,-4.2006,12.6792,153.0,164.0,159.0,152.0,151.0,136.0,119.0,105.0,91.0,116.0,128.0,133.0,1607.0
Africa,Sub-Saharan Africa,"Congo, Democratic Republic of the",Kinshasa,-4.3219,15.3119,124.0,140.0,155.0,150.0,155.0,120.0,124.0,155.0,120.0,155.0,150.0,124.0,1672.0
Africa,Sub-Saharan Africa,"Congo, Democratic Republic of the",Lubumbashi,-11.6647,27.4794,129.0,120.0,174.0,234.0,291.0,295.0,315.0,318.0,294.0,282.0,194.0,132.0,2778.0
Africa,Sub-Saharan Africa,Mauritania,Nouadhibou,20.9333,-17.0333,271.0,248.0,300.0,295.0,315.0,303.0,275.0,281.0,261.0,260.0,257.0,264.0,3332.0
Africa,Sub-Saharan Africa,Mauritania,Nouakchott,18.0858,-15.9785,267.0,250.0,302.0,311.0,320.0,284.0,271.0,265.0,266.0,263.0,268.0,267.0,3333.0
Africa,Sub-Saharan Africa,South Africa,Pretoria,-25.7461,28.1881,261.0,235.0,254.0,246.6,283.0,271.0,289.0,296.0,284.0,275.0,254.0,272.0,3220.0
Africa,Sub-Saharan Africa,South Africa,Cape Town,-33.9253,18.4239,337.9,297.4,292.9,233.5,205.3,175.4,193.1,212.1,224.7,277.7,309.8,334.2,3094.0
Africa,Sub-Saharan Africa,South Africa,Johannesburg,-26.2044,28.0456,250.1,224.8,238.8,236.9,276.0,266.9,283.9,284.1,280.8,269.5,248.7,263.9,3124.4
Africa,Sub-Saharan Africa,South Africa,Bloemfontein,-29.1167,26.2167,296.3,247.9,258.6,250.2,266.0,249.9,272.6,285.9,278.0,290.9,296.5,319.5,3312.3
Africa,Sub-Saharan Africa,South Africa,Upington,-28.45,21.25,352.9,298.7,297.5,283.5,290.5,270.3,289.8,307.3,300.2,328.9,345.2,367.0,3731.8
Africa,Sub-Saharan Africa,South Africa,Durban,-29.8833,31.05,184.0,178.8,201.6,206.4,223.6,224.9,230.4,217.0,173.3,169.4,166.1,189.9,2365.4
Africa,Sub-Saharan Africa,Botswana,Maun,-19.9833,23.4167,245.0,207.0,257.0,282.0,310.0,300.0,313.0,332.0,315.0,291.0,264.0,214.0,3330.0
Africa,Sub-Saharan Africa,Botswana,Gaborone,-24.6581,25.9122,280.6,261.5,264.4,260.5,284.2,260.0,292.4,313.6,308.4,295.4,265.5,285.2,3371.0
Africa,Sub-Saharan Africa,Botswana,Ghanzi,-21.7,21.65,295.0,280.0,313.0,282.0,316.0,306.0,316.0,319.0,305.0,279.0,300.0,267.0,3579.0
Africa,Sub-Saharan Africa,Zambia,Ndola,-12.9689,28.6325,151.9,142.8,192.2,243.0,279.0,276.0,297.6,297.6,279.0,269.7,207.0,158.1,2793.9
Africa,Sub-Saharan Africa,Zambia,Lusaka,-15.4167,28.2833,176.7,168.0,220.1,246.0,275.9,270.0,294.5,303.8,291.0,272.8,234.0,182.9,2935.7
Africa,Sub-Saharan Africa,Zambia,Livingstone,-17.85,25.8667,213.9,196.0,251.1,273.0,303.8,288.0,310.0,319.3,297.0,279.0,228.0,207.7,3166.8
Africa,Sub-Saharan Africa,Zimbabwe,Harare,-17.8292,31.0522,217.0,190.4,232.5,249.0,269.7,264.0,279.0,300.7,294.0,285.2,231.0,198.4,3010.9
Africa,Sub-Saharan Africa,Zimbabwe,Bulawayo,-20.17,28.58,244.9,212.8,251.1,252.0,279.0,267.0,288.3,300.7,288.0,272.8,237.0,226.3,3119.9
Africa,Sub-Saharan Africa,Malawi,Karonga,-9.9333,33.9333,176.7,170.8,207.7,222.0,254.2,264.0,285.2,306.9,306.0,319.3,273.0,213.9,2999.7
Africa,Sub-Saharan Africa,Malawi,Blantyre,-15.7861,35.0058,198.4,182.0,217.0,237.0,260.4,237.0,232.3,260.4,270.0,275.9,228.0,198.4,2797.0
Africa,Sub-Saharan Africa,Malawi,Mzuzu,-11.4581,34.0151,145.7,142.1,164.3,171.0,217.0,219.0,238.5,275.9,288.0,300.7,252.0,176.7,2590.9
Africa,Sub-Saharan Africa,Madagascar,Fianarantsoa,-21.4536,47.0858,191.1,171.0,175.4,184.8,186.0,165.9,163.5,191.1,220.5,230.4,208.0,190.1,2277.8
Africa,Sub-Saharan Africa,Madagascar,Toamasina,-18.155,49.41,224.7,198.2,191.0,196.9,192.1,162.5,162.8,184.6,209.7,232.7,236.0,219.2,2410.4
Africa,Sub-Saharan Africa,Madagascar,Antananarivo,-18.91,47.525,210.5,178.0,199.1,220.5,228.8,206.1,213.9,235.0,249.5,251.0,232.7,201.1,2626.2
Africa,Sub-Saharan Africa,Madagascar,Antsiranana,-12.3,49.2833,189.2,170.0,214.9,256.4,284.8,256.5,273.1,283.6,293.3,306.8,281.5,228.9,3039.0
Africa,Sub-Saharan Africa,Madagascar,Mahajanga,-15.7167,46.3167,209.0,184.9,244.8,269.9,294.9,282.9,291.5,303.1,307.0,319.7,288.2,227.3,3223.2
Africa,Sub-Saharan Africa,Madagascar,Toliara,-23.35,43.6667,305.0,285.0,296.0,302.0,306.0,277.0,291.0,298.0,307.0,324.0,313.0,306.0,3610.0
Africa,Sub-Saharan Africa,Mozambique,Maputo,-25.9667,32.5833,248.0,226.0,248.0,240.0,248.0,240.0,248.0,248.0,248.0,217.0,210.0,217.0,2838.0
Africa,Sub-Saharan Africa,Central African Republic,Bangui,4.3733,18.5628,217.0,196.0,186.0,180.0,186.0,180.0,124.0,124.0,150.0,155.0,180.0,217.0,2095.0
Africa,Sub-Saharan Africa,Central African Republic,Birao,10.294,22.782,289.6,275.0,270.6,248.1,255.7,216.9,190.7,186.5,210.0,267.2,290.3,297.4,2998.0
Africa,Sub-Saharan Africa,Uganda,Kampala,0.3136,32.5811,238.0,193.0,189.0,195.0,187.0,189.0,139.0,168.0,157.0,172.0,178.0,205.0,2210.0
Africa,Sub-Saharan Africa,Uganda,Entebbe,0.05,32.46,233.0,204.0,205.0,180.0,192.0,186.0,198.0,195.0,195.0,201.0,198.0,211.0,2398.0
Africa,Sub-Saharan Africa,Burundi,Bujumbura,-3.3833,29.3667,167.4,158.2,176.7,165.0,210.8,255.0,272.8,251.1,213.0,189.1,150.0,164.3,2373.4
Africa,Sub-Saharan Africa,Guinea,Conakry,9.5092,-13.7122,223.0,224.0,251.0,222.0,208.0,153.0,109.0,87.0,135.0,189.0,207.0,214.0,2222.0
Africa,Sub-Saharan Africa,Guinea,Kankan,10.3833,-9.3,262.0,236.0,249.0,220.0,234.0,216.0,169.0,159.0,191.0,221.0,241.0,260.0,2658.0
Africa,Sub-Saharan Africa,Guinea-Bissau,Bissau,11.85,-15.5667,248.0,226.0,279.0,270.0,248.0,210.0,186.0,155.0,180.0,217.0,240.0,248.0,2707.0
Africa,Sub-Saharan Africa,Equatorial Guinea,Bata,1.865,9.77,201.5,192.1,173.6,177.0,189.1,147.0,142.6,142.6,114.0,114.7,141.0,186.0,1921.2
Africa,Sub-Saharan Africa,Equatorial Guinea,Malabo,3.7456,8.7744,148.8,152.5,108.5,120.0,117.8,69.0,46.5,58.9,48.0,68.2,99.0,139.5,1176.7
Africa,Sub-Saharan Africa,Namibia,Keetmanshoop,-26.5786,18.1333,353.0,300.0,312.0,306.0,304.0,287.0,305.0,323.0,319.0,343.0,348.0,348.0,3870.0
Africa,Sub-Saharan Africa,Namibia,Windhoek,-22.57,17.0836,288.0,254.0,282.0,273.0,310.0,309.0,326.0,341.0,321.0,319.0,297.0,285.0,3605.0
Asia,Southern Asia,Afghanistan,Kabul,34.5253,69.1783,177.2,178.6,204.5,232.5,310.3,353.4,356.8,339.7,303.9,282.6,253.2,182.4,3175.1
Asia,Western Asia,Azerbaijan,Baku,40.3953,49.8822,89.9,89.0,124.0,195.0,257.3,294.0,313.1,282.1,222.0,145.7,93.0,102.3,2207.4
Asia,Western Asia,Lebanon,Beirut,33.8983,35.5057,133.0,148.0,194.0,246.0,312.0,352.0,361.0,333.0,288.0,246.0,202.0,149.0,2944.0
Asia,Southern Asia,Bangladesh,Dhaka,23.7639,90.3889,279.0,226.0,217.0,180.0,155.0,90.0,62.0,62.0,90.0,186.0,240.0,279.0,2066.0
Asia,Eastern Asia,China,Beijing,39.9067,116.3975,194.1,194.7,231.8,251.9,283.4,261.4,212.4,220.9,232.1,222.1,185.3,180.7,2670.8
Asia,Eastern Asia,China,Chongqing,29.5637,106.5504,48.0,56.0,81.0,111.0,139.0,128.0,221.0,222.0,123.0,63.0,47.0,54.0,1293.0
Asia,Eastern Asia,China,Fuzhou,27.949,116.358,101.6,79.2,89.1,111.0,114.4,141.9,225.6,199.2,153.7,144.2,120.3,126.9,1607.1
Asia,Eastern Asia,China,Fuzhou,26.0743,119.2964,101.6,79.2,89.1,111.0,114.4,141.9,225.6,199.2,153.7,144.2,120.3,126.9,1607.1
Asia,Eastern Asia,China,Guangzhou,23.13,113.26,118.5,71.6,62.4,65.1,104.0,140.2,202.0,173.5,170.2,181.8,172.7,166.0,1628.0
Asia,Eastern Asia,China,Hong Kong,22.3,114.2,143.0,94.2,90.8,101.7,140.4,146.1,212.0,188.9,172.3,193.9,180.1,172.2,1835.6
Asia,Eastern Asia,China,Lhasa,29.6534,91.1719,250.9,226.7,246.1,248.9,276.6,257.3,227.4,219.6,229.0,281.7,267.4,258.6,2990.2
Asia,Eastern Asia,China,Macau,22.2006,113.5461,127.4,79.4,71.5,85.3,136.4,155.3,223.2,195.4,176.5,192.3,172.2,159.1,1773.9
Asia,Eastern Asia,China,Nanjing,32.0608,118.7789,124.7,120.3,144.7,169.2,194.2,162.8,196.7,201.6,164.0,164.2,147.4,137.1,1926.9
Asia,Eastern Asia,China,Ningbo,29.8603,121.6245,123.7,108.4,121.7,142.4,156.7,147.8,243.8,238.0,171.5,166.5,143.4,146.1,1910.0
Asia,Eastern Asia,China,Qingdao,36.0669,120.3827,186.0,180.8,220.1,222.0,244.9,219.0,182.9,223.2,219.0,220.1,189.0,182.9,2489.9
Asia,Eastern Asia,China,Shanghai,31.2286,121.4747,114.3,119.9,128.5,148.5,169.8,130.9,190.8,185.7,167.5,161.4,131.1,127.4,1775.8
Asia,Eastern Asia,China,Tianjin,39.1336,117.2054,170.1,170.2,202.4,223.8,249.0,226.9,206.4,204.4,205.3,196.1,163.0,157.6,2375.2
Asia,Eastern Asia,China,Ürümqi,43.8225,87.6125,101.6,128.8,180.5,248.0,283.3,282.7,298.7,301.0,262.6,224.4,127.4,84.3,2523.3
Asia,Eastern Asia,China,Wuhan,30.5934,114.3046,101.9,97.0,121.8,152.8,181.0,170.9,220.2,226.4,175.8,151.9,139.3,126.5,1775.8
Asia,Eastern Asia,China,Xiamen,24.4796,118.0889,133.3,88.3,89.6,105.6,132.6,163.8,234.6,211.6,178.9,188.4,163.0,163.5,1853.2
Asia,Southern Asia,India,Delhi,28.61,77.23,214.6,216.1,239.1,261.0,263.1,196.5,165.9,177.0,219.0,269.3,247.2,215.8,2684.6
Asia,Southern Asia,India,Kolkata,22.5675,88.37,203.9,201.2,225.8,235.4,227.1,123.1,93.1,104.9,116.2,182.6,190.8,203.4,2107.5
Asia,Southern Asia,India,Mumbai,19.0761,72.8775,269.5,257.6,274.3,283.7,296.2,148.6,73.4,75.9,165.1,240.2,245.8,253.2,2583.5
Asia,Southern Asia,India,Bangalore,12.9789,77.5917,262.0,248.0,271.0,257.0,241.0,137.0,112.0,114.0,144.0,173.0,190.0,212.0,2361.0
Asia,Southern Asia,India,Chennai,13.0825,80.275,232.5,240.1,291.4,294.0,300.7,234.0,142.6,189.1,195.0,257.3,261.0,210.8,2848.5
Asia,South-eastern Asia,Indonesia,Denpasar,-8.65,115.2167,173.1,174.0,210.7,224.7,242.9,228.1,246.8,261.7,251.3,252.5,224.4,176.4,2666.6
Asia,South-eastern Asia,Indonesia,Jakarta,-6.175,106.8275,189.1,180.8,238.7,255.0,260.4,255.0,282.1,294.5,300.7,279.0,231.0,217.0,2983.3
Asia,South-eastern Asia,Indonesia,Makassar,-5.1619,119.4362,155.0,168.0,186.0,240.0,248.0,241.0,270.0,298.0,300.0,305.0,280.0,158.0,2849.0
Asia,South-eastern Asia,Indonesia,Medan,3.5894,98.6739,129.6,141.0,153.1,131.2,134.8,157.9,153.9,143.9,123.1,116.3,104.8,98.1,1587.7
Asia,Southern Asia,"Iran, Islamic Republic of",Bandar Abbas,27.1961,56.2878,220.1,211.9,232.5,242.4,312.7,302.2,264.6,270.1,270.1,283.4,251.2,228.8,3090.0
Asia,Southern Asia,"Iran, Islamic Republic of",Mashhad,36.3264,59.5433,148.3,147.5,163.3,200.4,280.4,343.2,366.9,359.7,305.2,249.5,188.3,151.6,2904.3
Asia,Southern Asia,"Iran, Islamic Republic of",Tehran,35.6892,51.3889,137.2,151.1,186.0,219.1,279.8,328.7,336.6,336.8,300.5,246.8,169.4,134.1,2826.1
Asia,Western Asia,Iraq,Baghdad,33.3153,44.3661,192.2,203.3,244.9,255.0,300.7,348.0,347.2,353.4,315.0,272.8,213.0,195.3,3240.8
Asia,Western Asia,Israel,Tel Aviv,32.08,34.78,192.2,200.1,235.6,270.0,328.6,357.0,368.9,356.5,300.0,279.0,234.0,189.1,3311.0
Asia,Eastern Asia,Japan,Sapporo,43.0619,141.3544,92.5,104.0,146.6,176.5,198.4,187.8,164.9,171.0,160.5,152.3,100.0,85.9,1740.4
Asia,Eastern Asia,Japan,Sendai,38.2682,140.8694,148.1,151.8,177.0,188.5,185.2,133.8,119.5,144.4,121.2,148.6,139.6,138.6,1796.1
Asia,Eastern Asia,Japan,Tokyo,35.6897,139.6922,184.5,165.8,163.1,176.9,167.8,125.4,146.4,169.0,120.9,131.0,147.9,178.0,1876.7
Asia,Eastern Asia,Japan,Kanazawa,36.5611,136.6564,63.5,84.1,141.3,185.5,202.3,152.6,158.9,221.5,144.1,150.4,104.1,72.5,1680.8
Asia,Eastern Asia,Japan,Nagoya,35.1833,136.9,170.1,170.0,189.1,196.6,197.5,149.9,146.3,200.4,151.0,169.0,162.7,172.2,2091.6
Asia,Central Asia,Kazakhstan,Almaty,43.24,76.915,118.0,119.0,147.0,194.0,241.0,280.0,306.0,294.0,245.0,184.0,127.0,101.0,2356.0
Asia,Central Asia,Kazakhstan,Astana,51.1472,71.4222,103.0,147.0,192.0,238.0,301.0,336.0,336.0,294.0,230.0,136.0,100.0,94.0,2507.0
Asia,Eastern Asia,Mongolia,Ulaanbaatar,47.9203,106.9172,179.1,204.8,265.2,262.5,299.3,269.0,249.3,258.3,245.7,227.5,177.4,156.4,2791.5
Asia,Eastern Asia,"Korea, Democratic People's Republic of",Pyongyang,39.0167,125.7475,184.0,197.0,231.0,237.0,263.0,229.0,181.0,204.0,222.0,214.0,165.0,165.0,2492.0
Asia,Western Asia,Oman,Muscat,23.6139,58.5922,268.6,244.8,278.3,292.5,347.4,325.7,277.7,278.6,303.9,316.9,291.9,267.0,3493.3
Asia,Southern Asia,Pakistan,Karachi,24.86,67.01,270.7,249.4,271.6,277.4,299.1,231.8,155.0,147.7,218.8,283.5,273.3,272.0,2950.3
Asia,Southern Asia,Pakistan,Lahore,31.5497,74.3436,218.8,215.0,245.8,276.6,308.3,269.0,227.5,234.9,265.6,290.0,259.6,222.9,3034.0
Asia,Southern Asia,Pakistan,Quetta,30.1833,67.0,229.1,209.95,232.5,273.0,334.8,327.0,313.1,313.1,294.0,306.9,279.0,238.7,3341.25
Asia,South-eastern Asia,Philippines,Manila,14.5958,120.9772,176.7,197.8,225.8,258.0,222.7,162.0,132.8,132.8,132.0,157.6,153.0,151.9,2103.1
Europe,Eastern Europe,Russian Federation,Dikson,73.507,80.5451,0.0,22.6,127.1,237.0,189.1,141.0,223.2,139.5,60.0,24.8,0.0,0.0,1164.3
Europe,Eastern Europe,Russian Federation,Irkutsk,52.2833,104.2833,93.0,149.0,207.0,223.0,266.0,264.0,243.0,218.0,182.0,152.0,93.0,62.0,2142.0
Europe,Eastern Europe,Russian Federation,Omsk,54.9833,73.3667,68.0,125.0,184.0,235.0,284.0,319.0,321.0,248.0,180.0,105.0,71.0,61.0,2201.0
Europe,Eastern Europe,Russian Federation,Petropavlovsk-Kamchatsky,53.0167,158.65,105.4,115.8,176.7,192.0,192.2,192.0,170.5,176.7,177.0,158.1,123.0,93.0,1872.4
Europe,Eastern Europe,Russian Federation,Vladivostok,43.1333,131.9,178.0,184.0,216.0,192.0,199.0,130.0,122.0,149.0,197.0,205.0,168.0,156.0,2096.0
Europe,Eastern Europe,Russian Federation,Yakutsk,62.03,129.73,18.6,98.0,232.5,273.0,303.8,333.0,347.2,272.8,174.0,105.4,60.0,9.3,2227.6
Asia,Western Asia,Saudi Arabia,Abha,18.2169,42.5053,266.6,265.6,294.5,282.0,288.3,276.0,232.5,238.7,273.0,291.4,273.0,266.6,3248.2
Asia,Western Asia,Saudi Arabia,Riyadh,24.6333,46.7167,212.4,226.6,219.8,242.3,287.7,328.2,332.1,309.2,271.6,311.4,269.2,214.3,3224.8
Asia,South-eastern Asia,Singapore,Singapore,1.3,103.8,172.4,183.2,192.7,173.6,179.8,177.7,187.9,180.6,156.2,155.2,129.6,133.5,2022.4
Asia,Eastern Asia,"Korea, Republic of",Busan,35.18,129.075,199.0,182.5,193.0,210.0,221.7,179.7,165.8,200.9,167.2,208.9,194.4,204.3,2327.3
Asia,Eastern Asia,"Korea, Republic of",Seoul,37.56,126.99,160.3,163.3,189.0,205.0,213.0,182.0,120.0,152.5,176.2,198.8,153.2,152.6,2066.0
Asia,Eastern Asia,"Taiwan, Province of China",Kaohsiung,22.615,120.2975,174.7,165.8,187.0,189.1,198.5,199.9,221.4,193.7,175.7,182.4,162.2,161.8,2212.2
Asia,Eastern Asia,"Taiwan, Province of China",Taichung,24.1439,120.6794,176.6,140.6,149.9,137.8,158.7,160.1,199.6,178.7,175.8,203.7,179.4,182.3,2043.2
Asia,Eastern Asia,"Taiwan, Province of China",Taipei,25.0375,121.5625,80.6,71.3,89.6,92.6,113.7,121.7,179.0,188.9,153.7,124.0,99.4,90.7,1405.2
Asia,South-eastern Asia,Thailand,Bangkok,13.7525,100.4942,272.5,249.9,269.0,256.7,216.4,178.0,171.8,160.3,154.9,198.1,234.2,262.0,2623.8
Asia,South-eastern Asia,Thailand,Chiang Mai,18.7953,98.9986,272.8,257.1,294.5,279.0,198.4,156.0,120.9,117.8,144.0,201.5,216.0,254.2,2512.2
Asia,South-eastern Asia,Thailand,Hat Yai,7.0167,100.4667,182.9,166.7,186.0,144.0,114.7,111.0,114.7,114.7,108.0,111.6,105.0,108.5,1567.8
Asia,South-eastern Asia,Thailand,Nakhon Ratchasima,14.975,102.1,226.3,211.9,201.5,186.0,155.0,114.0,117.8,117.8,108.0,145.7,186.0,226.3,1996.3
Asia,Western Asia,Turkey,Ankara,39.93,32.85,77.5,98.9,161.2,189.0,260.4,306.0,350.3,328.6,276.0,198.4,132.0,71.3,2449.6
Asia,Western Asia,United Arab Emirates,Dubai,25.2631,55.2972,254.2,229.6,254.2,294.0,344.1,342.0,322.4,316.2,309.0,303.8,285.0,254.2,3508.7
Asia,Central Asia,Uzbekistan,Tashkent,41.3111,69.2797,117.8,127.1,164.3,216.0,303.8,363.0,384.4,365.8,300.0,226.3,150.0,105.4,2823.9
Asia,South-eastern Asia,Vietnam,Da Lat,11.9417,108.4383,255.0,234.0,255.0,202.0,190.0,147.0,157.0,136.0,133.0,140.0,172.0,215.0,2238.0
Asia,South-eastern Asia,Vietnam,Da Nang,16.0748,108.224,139.0,145.0,188.0,209.0,246.0,239.0,253.0,218.0,176.0,145.0,120.0,103.0,2182.0
Asia,South-eastern Asia,Vietnam,Hanoi,21.0,105.85,74.0,47.0,47.0,90.0,183.0,172.0,195.0,174.0,176.0,167.0,137.0,124.0,1585.0
Asia,South-eastern Asia,Vietnam,Ho Chi Minh City,10.7756,106.7019,245.0,246.0,272.0,239.0,195.0,171.0,180.0,172.0,162.0,182.0,200.0,226.0,2489.0
Europe,Southern Europe,Albania,Tirana,41.3289,19.8178,124.0,125.0,165.0,191.0,263.0,298.0,354.0,327.0,264.0,218.0,127.0,88.0,2544.0
Asia,Western Asia,Armenia,Yerevan,40.1814,44.5144,93.0,108.0,162.0,177.0,242.0,297.0,343.0,332.0,278.0,212.0,138.0,92.0,2474.0
Europe,Western Europe,Austria,Vienna,48.2083,16.3725,66.0,106.0,128.0,183.0,239.0,228.0,260.0,251.0,168.0,139.0,66.0,51.0,1884.0
Europe,Eastern Europe,Belarus,Minsk,53.9,27.5667,34.0,72.0,133.0,185.0,270.0,267.0,271.0,251.0,154.0,103.0,39.0,28.0,1807.0
Europe,Western Europe,Belgium,Brussels,50.8467,4.3525,59.0,77.0,114.0,159.0,191.0,188.0,201.0,190.0,143.0,113.0,66.0,45.0,1546.0
Europe,Southern Europe,Bosnia and Herzegovina,Sarajevo,43.8564,18.4131,57.0,84.0,126.0,152.0,192.0,207.0,256.0,238.0,187.0,149.0,81.0,41.0,1769.0
Europe,Eastern Europe,Bulgaria,Sofia,42.7,23.33,88.0,114.0,160.0,182.0,230.0,258.0,302.0,288.0,220.0,164.0,106.0,66.0,2177.0
Europe,Southern Europe,Croatia,Zagreb,45.8131,15.9775,59.0,96.0,140.0,175.0,234.0,244.0,281.0,256.0,187.0,131.0,66.0,45.0,1913.0
Europe,Southern Europe,Croatia,Split,43.51,16.44,133.0,153.0,186.0,210.0,273.0,306.0,347.0,320.0,246.0,192.0,135.0,130.0,2631.0
Europe,Eastern Europe,Czech Republic,Prague,50.0875,14.4214,50.0,72.0,125.0,168.0,214.0,218.0,226.0,212.0,161.0,121.0,54.0,47.0,1668.0
Asia,Western Asia,Cyprus,Nicosia,35.1725,33.365,182.9,200.1,238.7,267.0,331.7,369.0,387.5,365.8,312.0,275.9,213.0,170.5,3314.1
Europe,Northern Europe,Denmark,Aarhus,56.1572,10.2107,54.0,72.0,148.0,213.0,260.0,251.0,242.0,211.0,161.0,101.0,60.0,49.0,1821.0
Europe,Northern Europe,Denmark,Copenhagen,55.6761,12.5683,56.0,83.0,152.0,226.0,271.0,260.0,246.0,231.0,175.0,107.0,60.0,45.0,1912.0
Europe,Northern Europe,Denmark,Rønne,55.0986,14.7014,43.0,76.0,152.0,247.0,311.0,315.0,282.0,252.0,192.0,104.0,53.0,37.0,2063.0
Europe,Northern Europe,Estonia,Tallinn,59.4372,24.7453,30.0,59.0,148.0,217.0,306.0,294.0,312.0,256.0,162.0,88.0,29.0,20.0,1923.0
Europe,Northern Europe,Estonia,Vilsandi,58.3667,25.6,37.0,69.0,150.0,226.0,316.0,314.0,330.0,271.0,176.0,100.0,38.0,24.0,2066.0
Europe,Northern Europe,Faroe Islands,Tórshavn,62.0,-6.7833,14.0,36.0,71.0,106.0,124.0,125.0,111.0,98.0,80.0,49.0,20.0,6.0,840.0
Europe,Northern Europe,Finland,Helsinki,60.1708,24.9375,38.0,70.0,138.0,194.0,284.0,297.0,291.0,238.0,150.0,93.0,36.0,29.0,1858.0
Europe,Western Europe,France,Lyon,45.76,4.84,74.0,101.0,170.0,191.0,221.0,254.0,283.0,253.0,195.0,130.0,76.0,54.0,2002.0
Europe,Western Europe,France,Marseille,43.2964,5.37,150.0,156.0,215.0,245.0,293.0,326.0,366.0,327.0,254.0,205.0,156.0,143.0,2836.0
Europe,Western Europe,France,Nice,43.7034,7.2663,156.7,166.1,218.0,229.2,270.9,309.8,349.3,223.2,249.8,191.1,151.5,145.2,2760.5
Europe,Western Europe,France,Paris,48.8567,2.3522,63.0,79.0,129.0,166.0,194.0,202.0,212.0,212.0,168.0,118.0,68.0,51.0,1662.0
Asia,Western Asia,Georgia,Tbilisi,41.7225,44.7925,99.0,102.0,142.0,171.0,213.0,249.0,256.0,248.0,206.0,164.0,103.0,93.0,2046.0
Europe,Western Europe,Germany,Berlin,52.52,13.405,47.0,74.0,121.0,159.0,220.0,222.0,217.0,211.0,156.0,112.0,51.0,37.0,1626.0
Europe,Western Europe,Germany,Frankfurt,50.1106,8.6822,50.0,80.0,121.0,178.0,211.0,219.0,233.0,219.0,156.0,103.0,51.0,41.0,1662.0
Europe,Southern Europe,Greece,Athens,37.9842,23.7281,130.0,134.0,183.0,231.0,291.0,336.0,363.0,341.0,276.0,208.0,153.0,127.0,2773.0
Europe,Eastern Europe,Hungary,Budapest,47.4925,19.0514,62.0,93.0,137.0,177.0,234.0,250.0,271.0,255.0,187.0,141.0,69.0,52.0,1988.0
Europe,Northern Europe,Iceland,Reykjavik,64.1467,-21.94,20.0,60.0,109.0,164.0,201.0,174.0,168.0,155.0,120.0,93.0,41.0,22.0,1326.0
Europe,Northern Europe,Ireland,Dublin,53.35,-6.2603,59.0,75.0,109.0,160.0,195.0,179.0,164.0,157.0,129.0,103.0,71.0,53.0,1453.0
Europe,Southern Europe,Italy,Cagliari,39.2278,9.1111,150.0,163.0,209.0,218.0,270.0,311.0,342.0,321.0,243.0,209.0,150.0,127.0,2726.0
Europe,Southern Europe,Italy,Milan,45.4669,9.19,59.0,96.0,152.0,177.0,211.0,243.0,285.0,251.0,186.0,130.0,66.0,59.0,1915.0
Europe,Southern Europe,Italy,Naples,40.8333,14.25,115.0,128.0,158.0,189.0,245.0,279.0,313.0,295.0,234.0,189.0,126.0,105.0,2375.0
Europe,Southern Europe,Italy,Rome,41.8933,12.4828,121.0,133.0,167.0,201.0,264.0,285.0,332.0,298.0,237.0,195.0,129.0,112.0,2473.0
Europe,Northern Europe,Latvia,Riga,56.9489,24.1064,31.0,62.0,127.0,183.0,264.0,288.0,264.0,229.0,153.0,93.0,39.0,22.0,1754.0
Europe,Northern Europe,Lithuania,Vilnius,54.6872,25.28,32.0,57.0,121.0,179.0,252.0,246.0,260.0,237.0,154.0,95.0,35.0,23.0,1691.0
Europe,Western Europe,Luxembourg,Luxembourg City,49.6117,6.1319,43.0,82.0,118.0,165.0,208.0,210.0,232.5,208.0,159.0,108.5,57.0,43.0,1634.0
Europe,Southern Europe,Malta,Valletta,35.8983,14.5125,169.0,178.0,227.0,254.0,310.0,337.0,377.0,352.0,270.0,224.0,195.0,161.0,3054.0
Europe,Eastern Europe,"Moldova, Republic of",Chișinău,47.0228,28.8353,75.0,80.0,125.0,187.0,254.0,283.0,299.0,295.0,226.0,169.0,75.0,58.0,2126.0
Europe,Western Europe,Monaco,Monaco,43.7333,7.4167,149.8,158.9,185.5,210.0,248.1,281.1,329.3,296.7,224.7,199.0,155.2,136.5,2575.0
Europe,Southern Europe,Montenegro,Podgorica,42.4414,19.2628,123.0,126.0,170.0,194.0,251.0,276.0,340.0,314.0,252.0,201.0,126.0,109.0,2481.0
Europe,Western Europe,"Netherlands, Kingdom of the",Amsterdam,52.3728,4.8936,63.0,88.0,126.0,183.0,222.0,206.0,217.0,197.0,139.0,109.0,62.0,51.0,1662.0
Europe,Southern Europe,North Macedonia,Skopje,41.9961,21.4317,87.0,113.0,161.0,198.0,245.0,276.0,323.0,305.0,248.0,188.0,115.0,80.0,2339.0
Europe,Northern Europe,Norway,Bergen,60.3894,5.33,19.0,56.0,94.0,147.0,186.0,189.0,167.0,144.0,86.0,60.0,27.0,12.0,1187.0
Europe,Northern Europe,Norway,Oslo,59.9133,10.7389,40.0,76.0,126.0,178.0,220.0,250.0,246.0,216.0,144.0,86.0,51.0,35.0,1668.0
Europe,Northern Europe,Norway,Tromsø,69.6828,18.9428,3.0,32.0,112.0,160.0,218.0,221.0,205.0,167.0,92.0,49.0,6.0,0.0,1265.0
Europe,Eastern Europe,Poland,Warsaw,52.23,21.0111,44.6,66.5,139.4,210.1,272.4,288.8,295.4,280.2,193.1,122.6,50.6,33.6,1997.0
Europe,Southern Europe,Portugal,Faro,37.0161,-7.935,172.0,165.0,234.0,251.0,314.0,332.0,368.0,352.0,273.0,226.0,182.0,167.0,3036.0
Europe,Southern Europe,Portugal,Lisbon,38.7253,-9.15,143.0,157.0,208.0,234.0,291.0,303.0,353.0,344.0,261.0,214.0,156.0,143.0,2806.0
Europe,Southern Europe,Portugal,Porto,41.1621,-8.622,124.0,129.0,192.0,217.0,258.0,274.0,308.0,295.0,224.0,184.0,139.0,124.0,2468.0
Europe,Eastern Europe,Romania,Bucharest,44.4325,26.1039,71.0,85.0,140.0,186.0,245.0,267.0,288.0,282.0,225.0,177.0,87.0,62.0,2115.0
Europe,Eastern Europe,Russian Federation,Moscow,55.7558,37.6172,37.0,65.0,142.0,213.0,274.0,299.0,323.0,242.0,171.0,88.0,33.0,14.0,1901.0
Europe,Eastern Europe,Russian Federation,Sochi,43.5853,39.7203,96.0,107.0,146.0,162.0,220.0,258.0,279.0,282.0,225.0,195.0,120.0,87.0,2178.0
Europe,Southern Europe,Serbia,Belgrade,44.82,20.46,72.0,102.0,153.0,188.0,242.0,261.0,291.0,274.0,204.0,163.0,97.0,65.0,2112.0
Europe,Southern Europe,Serbia,Niš,43.3208,21.8958,65.0,93.0,148.0,171.0,221.0,251.0,287.0,274.0,202.0,151.0,86.0,49.0,1998.0
Europe,Eastern Europe,Slovakia,Bratislava,48.1439,17.1097,65.0,82.0,152.0,204.0,264.0,270.0,276.0,270.0,207.0,143.0,60.0,47.0,2038.0
Europe,Southern Europe,Slovenia,Ljubljana,46.0514,14.5061,71.0,114.0,149.0,178.0,235.0,246.0,293.0,264.0,183.0,120.0,66.0,56.0,1974.0
Europe,Southern Europe,Spain,Almería,36.8403,-2.4681,194.0,191.0,232.0,261.0,297.0,325.0,342.0,315.0,256.0,218.0,183.0,178.0,2994.0
Europe,Southern Europe,Spain,Barcelona,41.3828,2.1769,158.0,171.0,206.0,239.0,258.0,287.0,293.0,264.0,229.0,196.0,153.0,137.0,2591.0
Europe,Southern Europe,Spain,Cádiz,36.535,-6.2975,184.0,197.0,228.0,255.0,307.0,331.0,354.0,335.0,252.0,228.0,187.0,166.0,3024.0
Europe,Southern Europe,Spain,Madrid,40.4169,-3.7033,148.0,157.0,214.0,231.0,272.0,310.0,359.0,335.0,261.0,198.0,157.0,124.0,2769.0
Europe,Southern Europe,Spain,Valencia,39.47,-0.3764,171.0,171.0,215.0,234.0,259.0,276.0,315.0,288.0,235.0,202.0,167.0,155.0,2696.0
Europe,Northern Europe,Sweden,Gothenburg,57.7075,11.9675,44.0,69.0,167.0,211.0,239.0,256.0,234.0,196.0,168.0,99.0,47.0,32.0,1762.0
Europe,Northern Europe,Sweden,Stockholm,59.3294,18.0686,40.0,72.0,139.0,185.0,254.0,292.0,260.0,221.0,154.0,99.0,54.0,33.0,1803.0
Europe,Western Europe,Switzerland,Zurich,47.3744,8.5411,48.0,77.0,125.0,159.0,186.0,204.0,230.0,208.0,151.0,93.0,50.0,35.0,1566.0
Europe,Western Europe,Switzerland,Geneva,46.2017,6.1469,61.0,96.0,161.0,187.0,212.0,246.0,269.0,242.0,184.0,116.0,65.0,48.0,1887.0
Europe,Western Europe,Switzerland,Sion,46.2311,7.3594,93.0,131.0,188.0,210.0,229.0,254.0,271.0,250.0,208.0,160.0,96.0,68.0,2158.0
Europe,Western Europe,Switzerland,Lugano,46.005,8.9525,124.0,142.0,192.0,182.0,200.0,229.0,260.0,245.0,192.0,141.0,105.0,107.0,2120.0
Asia,Western Asia,Turkey,Istanbul,41.0136,28.955,71.0,88.0,133.0,180.0,251.0,300.0,322.0,295.0,243.0,164.0,102.0,68.0,2218.0
Europe,Eastern Europe,Ukraine,Kyiv,50.45,30.5233,31.0,57.0,124.0,180.0,279.0,270.0,310.0,248.0,210.0,155.0,60.0,31.0,1955.0
Europe,Northern Europe,United Kingdom of Great Britain and Northern Ireland,Edinburgh,55.9533,-3.1892,54.0,79.0,115.0,145.0,188.0,166.0,172.0,162.0,129.0,101.0,71.0,46.0,1427.0
Europe,Northern Europe,United Kingdom of Great Britain and Northern Ireland,Manchester,53.479,-2.2452,32.0,50.0,99.0,153.0,175.0,153.0,171.0,154.0,116.0,79.0,42.0,43.0,1265.0
Europe,Northern Europe,United Kingdom of Great Britain and Northern Ireland,London,51.5072,-0.1275,62.0,78.0,115.0,169.0,199.0,204.0,212.0,205.0,149.0,117.0,73.0,52.0,1633.0
Americas,Northern America,Canada,Calgary,51.05,-114.0667,119.5,144.6,177.2,220.2,249.4,269.9,314.1,284.0,207.0,175.4,121.1,114.0,2396.3
Americas,Northern America,Canada,Edmonton,53.5344,-113.4903,100.8,121.7,176.3,244.2,279.9,285.9,307.5,282.3,192.7,170.8,98.4,84.5,2344.8
Americas,Northern America,Canada,Iqaluit,63.7598,-68.5107,32.4,94.0,172.2,216.5,180.5,200.2,236.8,156.8,87.9,51.4,35.6,12.6,1476.8
Americas,Northern America,Canada,Montreal,45.5089,-73.5617,101.0,128.0,164.0,178.0,229.0,240.0,272.0,246.0,182.0,144.0,84.0,84.0,2051.0
Americas,Northern America,Canada,Toronto,43.7417,-79.3733,85.9,111.3,161.0,180.0,227.7,259.6,279.6,245.6,194.4,154.3,88.9,78.1,2066.4
Americas,Northern America,Canada,Vancouver,49.25,-123.1,60.1,91.0,134.8,185.0,222.5,226.9,289.8,277.1,212.8,120.7,60.4,56.5,1937.6
Americas,Northern America,Canada,Whitehorse,60.7029,-135.0691,43.8,105.5,163.2,238.5,251.1,266.7,247.6,226.5,132.7,84.9,39.8,26.8,1827.1
Americas,Northern America,Canada,Winnipeg,49.8844,-97.1464,114.7,133.9,181.9,241.4,285.3,276.3,308.3,281.4,189.0,147.4,93.9,99.5,2352.9
Americas,Latin America and the Caribbean,Honduras,La Ceiba,15.7792,-86.7931,170.5,192.1,217.0,234.0,213.9,192.0,201.5,217.0,174.0,151.9,144.0,151.9,2259.8
Americas,Latin America and the Caribbean,Mexico,La Paz,24.1422,-110.3108,200.0,234.0,271.0,292.0,332.0,322.0,287.0,258.0,257.0,272.0,233.0,190.0,3148.0
Americas,Latin America and the Caribbean,Mexico,Mexico City,19.4333,-99.1333,240.0,234.0,268.0,232.0,225.0,183.0,176.0,176.0,157.0,194.0,232.0,236.0,2555.0
Americas,Latin America and the Caribbean,Mexico,Monterrey,25.6667,-100.3,142.0,154.0,195.0,193.0,192.0,206.0,249.0,242.0,200.0,170.0,163.0,133.0,2239.0
Americas,Latin America and the Caribbean,Mexico,Villahermosa,17.9892,-92.9281,168.0,185.0,252.0,215.0,278.0,217.0,252.0,245.0,167.0,150.0,170.0,144.0,2443.0
Americas,Latin America and the Caribbean,Nicaragua,Managua,12.1364,-86.2514,263.5,254.2,291.4,276.0,229.4,186.0,151.9,195.3,210.0,223.2,231.0,248.0,2759.9
Americas,Latin America and the Caribbean,Panama,Panama City,8.9833,-79.5167,228.9,245.2,183.9,173.1,108.5,116.3,106.1,118.1,99.2,103.9,139.8,120.5,1743.5
Americas,Latin America and the Caribbean,Puerto Rico,San Juan,18.3985,-66.061,237.4,231.2,282.0,268.3,255.2,259.4,280.8,267.8,234.7,227.2,202.4,217.4,2963.8
Americas,Latin America and the Caribbean,El Salvador,San Salvador,13.6989,-89.1914,301.0,277.0,294.0,243.0,220.0,174.0,239.0,257.0,180.0,211.0,267.0,294.0,2957.0
Americas,Northern America,Saint Pierre and Miquelon,Saint-Pierre,46.7778,-56.1778,49.6,70.2,115.5,131.9,165.8,172.6,164.8,173.5,156.1,119.0,63.0,45.4,1427.3
Americas,Northern America,United States of America,Albuquerque,35.1054,-106.6465,234.2,225.3,270.2,304.6,347.4,359.3,335.0,314.2,286.7,281.4,233.8,223.3,3415.4
Americas,Northern America,United States of America,Anchorage,61.1508,-149.1091,82.9,120.5,195.8,235.3,288.7,274.7,250.1,203.9,159.8,117.1,80.6,51.8,2061.2
Americas,Northern America,United States of America,Atlanta,33.7628,-84.422,164.0,171.7,220.5,261.2,288.6,284.8,273.8,258.6,227.5,238.5,185.1,164.0,2738.3
Americas,Northern America,United States of America,Austin,30.3005,-97.7522,163.8,169.3,205.9,205.8,227.1,285.5,317.2,297.9,233.8,215.6,168.3,153.5,2643.7
Americas,Northern America,United States of America,Austin,43.6721,-92.9784,163.8,169.3,205.9,205.8,227.1,285.5,317.2,297.9,233.8,215.6,168.3,153.5,2643.7
Americas,Northern America,United States of America,Baltimore,39.3051,-76.6144,155.4,164.0,215.0,230.7,254.5,277.3,290.1,264.4,221.8,205.5,158.5,144.5,2581.7
Americas,Northern America,United States of America,Boise,43.6005,-116.2308,109.3,151.9,238.6,281.4,335.5,351.6,399.8,358.8,303.6,238.1,119.6,105.2,2993.4
Americas,Northern America,United States of America,Boston,42.3188,-71.0852,163.4,168.4,213.7,227.2,267.3,286.5,300.9,277.3,237.1,206.3,143.2,142.3,2633.6
Americas,Northern America,United States of America,Charlotte,35.2083,-80.8303,173.3,180.3,234.8,269.6,292.1,289.2,290.0,272.9,241.4,230.5,178.4,168.5,2821.0
Americas,Northern America,United States of America,Charlotte,42.5662,-84.8304,173.3,180.3,234.8,269.6,292.1,289.2,290.0,272.9,241.4,230.5,178.4,168.5,2821.0
Americas,Northern America,United States of America,Chicago,41.8375,-87.6866,135.8,136.2,187.0,215.3,281.9,311.4,318.4,283.0,226.6,193.2,113.3,106.3,2508.4
Americas,Northern America,United States of America,Cleveland,41.4764,-81.6805,101.0,122.3,167.0,216.0,263.6,294.6,307.2,262.2,219.0,169.5,89.8,67.8,2280.0
Americas,Northern America,United States of America,Cleveland,35.1817,-84.8707,101.0,122.3,167.0,216.0,263.6,294.6,307.2,262.2,219.0,169.5,89.8,67.8,2280.0
Americas,Northern America,United States of America,Cleveland,33.744,-90.7285,101.0,122.3,167.0,216.0,263.6,294.6,307.2,262.2,219.0,169.5,89.8,67.8,2280.0
Americas,Northern America,United States of America,Columbus,39.9862,-82.9855,110.6,126.3,162.0,201.8,243.4,258.1,260.9,235.9,212.0,183.1,104.2,84.3,2182.6
Americas,Northern America,United States of America,Columbus,32.51,-84.8771,110.6,126.3,162.0,201.8,243.4,258.1,260.9,235.9,212.0,183.1,104.2,84.3,2182.6
Americas,Northern America,United States of America,Columbus,39.2093,-85.9183,110.6,126.3,162.0,201.8,243.4,258.1,260.9,235.9,212.0,183.1,104.2,84.3,2182.6
Americas,Northern America,United States of America,Columbus,41.4366,-97.3565,110.6,126.3,162.0,201.8,243.4,258.1,260.9,235.9,212.0,183.1,104.2,84.3,2182.6
Americas,Northern America,United States of America,Columbus,33.5088,-88.4096,110.6,126.3,162.0,201.8,243.4,258.1,260.9,235.9,212.0,183.1,104.2,84.3,2182.6
Americas,Northern America,United States of America,Dallas,32.7935,-96.7667,183.5,178.3,227.7,236.0,258.4,297.8,332.4,304.5,246.2,228.1,183.8,173.0,2849.7
Americas,Northern America,United States of America,Dallas,44.9221,-123.313,183.5,178.3,227.7,236.0,258.4,297.8,332.4,304.5,246.2,228.1,183.8,173.0,2849.7
Americas,Northern America,United States of America,Dallas,33.9152,-84.8416,183.5,178.3,227.7,236.0,258.4,297.8,332.4,304.5,246.2,228.1,183.8,173.0,2849.7
Americas,Northern America,United States of America,Dallas,41.3608,-75.9656,183.5,178.3,227.7,236.0,258.4,297.8,332.4,304.5,246.2,228.1,183.8,173.0,2849.7
Americas,Northern America,United States of America,Denver,39.762,-104.8758,215.3,211.1,255.6,276.2,290.0,315.3,325.0,306.4,272.3,249.2,194.3,195.9,3106.6
Americas,Northern America,United States of America,Detroit,42.3834,-83.1024,119.9,138.3,184.9,217.0,275.9,301.8,317.0,283.5,227.6,176.0,106.3,87.7,2435.9
Americas,Northern America,United States of America,El Paso,31.8476,-106.43,254.5,263.0,326.0,348.0,384.7,384.1,360.2,335.4,304.1,298.6,257.6,246.3,3762.5
Americas,Northern America,United States of America,Fresno,36.783,-119.7939,141.5,196.9,286.2,335.5,398.9,412.2,428.2,399.6,345.9,302.3,189.9,127.1,3564.2
Americas,Northern America,United States of America,Fresno,29.5357,-95.4696,141.5,196.9,286.2,335.5,398.9,412.2,428.2,399.6,345.9,302.3,189.9,127.1,3564.2
Americas,Northern America,United States of America,Honolulu,21.3294,-157.846,213.5,212.7,259.2,251.8,280.6,286.1,306.2,303.1,278.8,244.0,200.4,199.5,3035.9
Americas,Northern America,United States of America,Houston,29.786,-95.3885,143.4,155.0,192.5,209.8,249.2,281.3,293.9,270.5,236.5,228.8,168.3,148.7,2577.9
Americas,Northern America,United States of America,Indianapolis,39.7771,-86.1458,132.1,145.7,178.3,214.8,264.7,287.2,295.2,273.7,232.6,196.6,117.1,102.4,2440.4
Americas,Northern America,United States of America,Jacksonville,30.3322,-81.6749,189.4,193.8,257.9,286.4,303.9,283.6,282.0,262.4,228.2,214.6,193.9,183.6,2879.7
Americas,Northern America,United States of America,Jacksonville,34.7289,-77.3941,189.4,193.8,257.9,286.4,303.9,283.6,282.0,262.4,228.2,214.6,193.9,183.6,2879.7
Americas,Northern America,United States of America,Jacksonville,34.8807,-92.1304,189.4,193.8,257.9,286.4,303.9,283.6,282.0,262.4,228.2,214.6,193.9,183.6,2879.7
Americas,Northern America,United States of America,Jacksonville,39.7292,-90.2317,189.4,193.8,257.9,286.4,303.9,283.6,282.0,262.4,228.2,214.6,193.9,183.6,2879.7
Americas,Northern America,United States of America,Jacksonville,33.8088,-85.7545,189.4,193.8,257.9,286.4,303.9,283.6,282.0,262.4,228.2,214.6,193.9,183.6,2879.7
Americas,Northern America,United States of America,Jacksonville,31.9642,-95.2617,189.4,193.8,257.9,286.4,303.9,283.6,282.0,262.4,228.2,214.6,193.9,183.6,2879.7
Americas,Northern America,United States of America,Kansas City,39.1238,-94.5541,183.7,174.3,223.9,257.8,285.0,305.5,329.3,293.9,240.5,213.6,155.3,147.1,2809.9
Americas,Northern America,United States of America,Kansas City,39.1235,-94.7443,183.7,174.3,223.9,257.8,285.0,305.5,329.3,293.9,240.5,213.6,155.3,147.1,2809.9
Americas,Northern America,United States of America,Las Vegas,36.2333,-115.2654,245.2,246.7,314.6,346.1,388.1,401.7,390.9,368.5,337.1,304.4,246.0,236.0,3825.3
Americas,Northern America,United States of America,Las Vegas,35.6011,-105.2206,245.2,246.7,314.6,346.1,388.1,401.7,390.9,368.5,337.1,304.4,246.0,236.0,3825.3
Americas,Northern America,United States of America,Los Angeles,34.1141,-118.4068,225.3,222.5,267.0,303.5,276.2,275.8,364.1,349.5,278.5,255.1,217.3,219.4,3254.2
Americas,Northern America,United States of America,Louisville,38.1663,-85.6485,140.5,148.9,188.6,221.1,263.4,288.9,293.6,272.6,234.3,208.5,135.7,118.3,2514.4
Americas,Northern America,United States of America,Louisville,39.971,-105.1441,140.5,148.9,188.6,221.1,263.4,288.9,293.6,272.6,234.3,208.5,135.7,118.3,2514.4
Americas,Northern America,United States of America,Louisville,40.837,-81.2643,140.5,148.9,188.6,221.1,263.4,288.9,293.6,272.6,234.3,208.5,135.7,118.3,2514.4
Americas,Northern America,United States of America,Memphis,35.1087,-89.9663,166.6,173.8,215.3,254.6,301.5,320.6,326.9,307.0,251.2,245.9,173.0,151.9,2888.3
Americas,Northern America,United States of America,Memphis,27.5435,-82.5608,166.6,173.8,215.3,254.6,301.5,320.6,326.9,307.0,251.2,245.9,173.0,151.9,2888.3
Americas,Northern America,United States of America,Miami,25.784,-80.2101,219.8,216.9,277.2,293.8,301.3,288.7,308.7,288.3,262.2,260.2,220.8,216.1,3154.0
Americas,Northern America,United States of America,Miami,36.8878,-94.8711,219.8,216.9,277.2,293.8,301.3,288.7,308.7,288.3,262.2,260.2,220.8,216.1,3154.0
Americas,Northern America,United States of America,Milwaukee,43.0642,-87.9675,140.2,151.5,185.4,213.5,275.5,304.5,321.1,281.2,215.1,178.0,112.8,104.8,2483.6
Americas,Northern America,United States of America,Minneapolis,44.9635,-93.2678,156.7,178.3,217.5,242.1,295.2,321.9,350.5,307.2,233.2,181.0,112.8,114.3,2710.7
Americas,Northern America,United States of America,Nashville,36.1715,-86.7842,139.6,145.2,191.3,231.5,261.8,277.7,279.0,262.1,226.4,216.8,148.1,130.6,2510.1
Americas,Northern America,United States of America,New Orleans,30.0687,-89.9288,153.0,161.5,219.4,251.9,278.9,274.3,257.1,251.9,228.7,242.6,171.8,157.8,2648.9
Americas,Northern America,United States of America,New York City,40.6943,-73.9249,162.7,163.1,212.5,225.6,256.6,257.3,268.2,268.2,219.3,211.2,151.0,139.0,2534.7
Americas,Northern America,United States of America,Oklahoma City,35.4676,-97.5136,200.8,189.7,244.2,271.3,295.2,326.1,356.6,329.3,263.7,245.1,186.5,180.9,3089.4
Americas,Northern America,United States of America,Omaha,41.2627,-96.0529,167.8,157.6,206.4,230.1,277.1,314.0,332.5,296.3,245.5,217.5,148.0,134.1,2726.9
Americas,Northern America,United States of America,Philadelphia,40.0077,-75.1339,155.7,154.7,202.8,217.0,245.1,271.2,275.6,260.1,219.3,204.5,154.7,137.7,2498.4
Americas,Northern America,United States of America,Phoenix,33.5722,-112.0892,256.0,257.2,318.4,353.6,401.0,407.8,378.5,360.8,328.6,308.9,256.0,244.8,3871.6
Americas,Northern America,United States of America,Pittsburgh,40.4397,-79.9763,93.9,108.5,155.4,182.8,217.4,242.2,254.9,228.4,196.7,167.3,99.4,74.4,2021.3
Americas,Northern America,United States of America,Portland,45.5371,-122.65,85.6,116.4,191.1,221.1,276.1,290.2,331.9,298.1,235.7,151.7,79.3,63.7,2340.9
Americas,Northern America,United States of America,Portland,43.6773,-70.2715,85.6,116.4,191.1,221.1,276.1,290.2,331.9,298.1,235.7,151.7,79.3,63.7,2340.9
Americas,Northern America,United States of America,Portland,27.8942,-97.3278,85.6,116.4,191.1,221.1,276.1,290.2,331.9,298.1,235.7,151.7,79.3,63.7,2340.9
Americas,Northern America,United States of America,Portland,36.5921,-86.5239,85.6,116.4,191.1,221.1,276.1,290.2,331.9,298.1,235.7,151.7,79.3,63.7,2340.9
Americas,Northern America,United States of America,Raleigh,35.8324,-78.6429,163.8,173.1,228.9,250.7,258.4,267.7,259.5,239.6,217.6,215.4,174.0,157.6,2606.3
Americas,Northern America,United States of America,Richmond,37.5295,-77.4756,172.5,179.7,233.3,261.6,288.0,306.4,301.4,278.9,237.9,222.8,183.5,163.0,2829.0
Americas,Northern America,United States of America,Richmond,37.9477,-122.3389,172.5,179.7,233.3,261.6,288.0,306.4,301.4,278.9,237.9,222.8,183.5,163.0,2829.0
Americas,Northern America,United States of America,Richmond,39.8318,-84.8905,172.5,179.7,233.3,261.6,288.0,306.4,301.4,278.9,237.9,222.8,183.5,163.0,2829.0
Americas,Northern America,United States of America,Richmond,37.7307,-84.2925,172.5,179.7,233.3,261.6,288.0,306.4,301.4,278.9,237.9,222.8,183.5,163.0,2829.0
Americas,Northern America,United States of America,Richmond,29.5824,-95.7563,172.5,179.7,233.3,261.6,288.0,306.4,301.4,278.9,237.9,222.8,183.5,163.0,2829.0
Americas,Northern America,United States of America,Sacramento,38.5677,-121.4685,145.5,201.3,278.0,329.6,406.3,419.5,440.2,406.9,347.8,296.7,194.9,141.1,3607.8
Americas,Northern America,United States of America,Salt Lake City,40.7776,-111.9311,127.4,163.1,241.9,269.1,321.7,360.5,380.5,352.5,301.1,248.1,150.4,113.1,3029.4
Americas,Northern America,United States of America,San Antonio,29.4632,-98.5238,159.4,169.7,215.5,209.7,221.8,275.9,308.8,293.9,234.9,218.0,171.9,149.7,2629.2
Americas,Northern America,United States of America,San Diego,32.8313,-117.1222,239.3,227.4,261.0,276.2,250.5,242.4,304.7,295.0,253.3,243.4,230.1,231.3,3054.6
Americas,Northern America,United States of America,San Francisco,37.7558,-122.4449,185.9,207.7,269.1,309.3,325.1,311.4,313.3,287.4,271.4,247.1,173.4,160.6,3061.7
Americas,Northern America,United States of America,Seattle,47.6211,-122.3244,69.8,108.8,178.4,207.3,253.7,268.4,312.0,281.4,221.7,142.6,72.7,52.9,2169.7
Americas,Northern America,United States of America,St. Louis,38.6359,-90.2451,161.2,158.3,198.3,223.5,266.5,291.9,308.9,269.8,236.1,208.4,140.9,129.9,2593.7
Americas,Northern America,United States of America,Tampa,27.9945,-82.4447,199.9,202.7,267.5,299.1,314.5,277.8,265.3,249.5,223.0,233.9,201.7,191.6,2926.5
Americas,Northern America,United States of America,Tucson,32.1541,-110.8787,259.9,258.2,320.7,357.2,400.8,396.9,342.7,335.6,316.4,307.4,264.4,245.8,3806.0
Americas,Northern America,United States of America,Tulsa,36.1283,-95.9042,175.8,171.7,219.6,244.4,266.7,294.8,334.7,305.3,232.5,218.6,161.1,160.8,2786.0
Americas,Northern America,United States of America,Virginia Beach,36.7335,-76.0435,171.5,175.2,229.3,252.8,271.7,280.1,278.3,260.4,231.4,208.3,175.7,160.4,2695.1
Americas,Northern America,United States of America,"Washington,D.C.",38.9047,-77.0163,144.6,151.8,204.0,228.2,260.5,283.2,280.5,263.1,225.0,203.6,150.2,133.0,2527.7
Americas,Northern America,United States of America,"Washington,D.C.",39.7469,-75.0724,144.6,151.8,204.0,228.2,260.5,283.2,280.5,263.1,225.0,203.6,150.2,133.0,2527.7
Americas,Northern America,United States of America,"Washington,D.C.",37.1303,-113.4878,144.6,151.8,204.0,228.2,260.5,283.2,280.5,263.1,225.0,203.6,150.2,133.0,2527.7
Americas,Northern America,United States of America,"Washington,D.C.",40.7877,-74.7918,144.6,151.8,204.0,228.2,260.5,283.2,280.5,263.1,225.0,203.6,150.2,133.0,2527.7
Americas,Northern America,United States of America,"Washington,D.C.",40.705,-89.434,144.6,151.8,204.0,228.2,260.5,283.2,280.5,263.1,225.0,203.6,150.2,133.0,2527.7
Americas,Northern America,United States of America,"Washington,D.C.",39.7494,-77.5579,144.6,151.8,204.0,228.2,260.5,283.2,280.5,263.1,225.0,203.6,150.2,133.0,2527.7
Americas,Northern America,United States of America,"Washington,D.C.",38.5515,-91.0154,144.6,151.8,204.0,228.2,260.5,283.2,280.5,263.1,225.0,203.6,150.2,133.0,2527.7
Americas,Northern America,United States of America,"Washington,D.C.",40.1741,-80.2465,144.6,151.8,204.0,228.2,260.5,283.2,280.5,263.1,225.0,203.6,150.2,133.0,2527.7
Americas,Northern America,United States of America,"Washington,D.C.",38.6586,-87.1591,144.6,151.8,204.0,228.2,260.5,283.2,280.5,263.1,225.0,203.6,150.2,133.0,2527.7
Americas,Northern America,United States of America,"Washington,D.C.",35.5586,-77.0545,144.6,151.8,204.0,228.2,260.5,283.2,280.5,263.1,225.0,203.6,150.2,133.0,2527.7
Americas,Northern America,United States of America,"Washington,D.C.",40.9884,-74.0636,144.6,151.8,204.0,228.2,260.5,283.2,280.5,263.1,225.0,203.6,150.2,133.0,2527.7
Americas,Northern America,United States of America,Wichita,37.6895,-97.3443,190.9,186.4,230.4,257.8,289.8,305.0,342.1,309.2,245.6,226.3,170.2,168.7,2922.4
Americas,Northern America,United States of America,Yuma,32.5995,-114.5491,268.4,270.8,335.5,365.5,407.4,415.4,392.6,375.6,341.7,319.6,270.1,252.7,4015.3
Americas,Latin America and the Caribbean,Argentina,Buenos Aires,-34.6033,-58.3817,279.0,240.8,229.0,220.0,173.6,132.0,142.6,173.6,189.0,227.0,252.0,266.6,2525.2
Americas,Latin America and the Caribbean,Argentina,Córdoba,-31.4167,-64.1833,257.3,229.6,204.6,189.0,170.5,150.0,170.5,204.6,213.0,238.7,255.0,251.1,2533.9
Americas,Latin America and the Caribbean,Argentina,La Plata,-34.9211,-57.9544,251.1,229.6,210.8,186.0,155.0,120.0,127.1,161.2,171.0,207.7,225.0,238.7,2283.2
Americas,Latin America and the Caribbean,Argentina,Mendoza,-32.8833,-68.8167,297.6,257.6,235.6,219.0,195.3,168.0,182.9,229.4,225.0,282.1,294.0,285.2,2871.7
Americas,Latin America and the Caribbean,Argentina,Salta,-24.7833,-65.4167,164.3,134.4,105.4,117.0,136.4,120.0,173.6,195.3,162.0,182.9,171.0,164.3,1826.6
Americas,Latin America and the Caribbean,Argentina,Ushuaia,-54.8019,-68.3031,180.2,150.4,124.9,92.7,78.0,50.3,35.0,58.3,87.6,113.0,140.0,170.8,1281.2
Americas,Latin America and the Caribbean,"Bolivia, Plurinational State of",La Paz,-16.4958,-68.1333,182.9,152.6,148.8,165.0,222.7,240.0,235.6,217.0,189.0,179.8,171.0,186.0,2288.9
Americas,Latin America and the Caribbean,Brazil,Belém,-1.4558,-48.5039,130.3,103.1,111.1,132.8,186.7,228.7,250.8,266.4,242.4,231.8,191.7,159.1,2234.9
Americas,Latin America and the Caribbean,Brazil,Belém,-6.7347,-35.5169,130.3,103.1,111.1,132.8,186.7,228.7,250.8,266.4,242.4,231.8,191.7,159.1,2234.9
Americas,Latin America and the Caribbean,Brazil,Belo Horizonte,-19.9167,-43.9333,176.0,190.8,194.9,210.7,221.2,229.9,240.5,241.5,202.5,196.5,166.9,153.3,2424.7
Americas,Latin America and the Caribbean,Brazil,Brasília,-15.7939,-47.8828,150.9,158.9,166.5,204.6,239.5,254.3,268.9,264.4,210.5,183.1,139.9,126.8,2368.3
Americas,Latin America and the Caribbean,Brazil,Curitiba,-25.4297,-49.2711,160.5,151.3,163.1,155.5,148.8,141.3,162.1,173.0,124.3,136.7,163.5,164.7,1844.8
Americas,Latin America and the Caribbean,Brazil,Fortaleza,-3.7275,-38.5275,222.0,181.2,157.0,147.1,201.3,215.5,259.4,288.3,284.4,294.1,288.5,265.4,2804.2
Americas,Latin America and the Caribbean,Brazil,Manaus,-3.1189,-60.0217,112.7,93.4,95.8,107.3,144.2,186.8,218.5,215.7,183.8,158.1,140.0,118.5,1774.8
Americas,Latin America and the Caribbean,Brazil,Porto Alegre,-30.0331,-51.23,227.2,195.2,202.4,166.0,146.9,115.6,131.4,145.3,145.8,178.0,215.2,232.4,2101.4
Americas,Latin America and the Caribbean,Brazil,Rio de Janeiro,-22.9111,-43.2056,194.3,199.8,189.3,194.0,190.0,202.1,196.0,199.7,135.7,156.0,163.7,166.7,2187.3
Americas,Latin America and the Caribbean,Brazil,Recife,-8.05,-34.9,233.0,210.5,227.6,198.3,186.0,161.1,175.2,195.2,215.6,242.6,245.4,246.0,2536.5
Americas,Latin America and the Caribbean,Brazil,Salvador,-12.9747,-38.4767,246.9,215.0,227.2,194.1,165.8,147.8,169.1,189.1,211.4,235.5,210.9,230.2,2443.0
Americas,Latin America and the Caribbean,Brazil,São Paulo,-23.55,-46.6333,139.1,153.5,161.6,169.3,167.6,160.0,169.0,173.1,144.5,157.9,152.8,145.1,1893.5
Americas,Latin America and the Caribbean,Chile,Antofagasta,-23.65,-70.4,319.3,291.0,294.5,252.0,229.4,207.0,204.6,213.9,219.0,260.4,276.0,310.0,3077.1
Americas,Latin America and the Caribbean,Chile,Calama,-22.4667,-68.9333,353.4,305.1,319.3,312.0,306.9,297.0,310.0,316.2,321.0,356.5,363.0,365.8,3926.2
Americas,Latin America and the Caribbean,Chile,Concepción,-36.8282,-73.0514,341.0,278.0,255.0,191.0,133.0,114.0,129.0,162.0,197.0,254.0,296.0,331.0,2681.0
Americas,Latin America and the Caribbean,Chile,Santiago,-33.4372,-70.6506,362.7,302.3,272.8,201.0,155.0,120.0,145.7,161.2,186.0,248.0,306.0,347.2,2807.9
Americas,Latin America and the Caribbean,Chile,Valdivia,-39.8139,-73.2458,257.3,228.8,204.6,123.0,68.2,45.0,65.1,89.9,111.0,127.1,189.0,207.7,1716.7
Americas,Latin America and the Caribbean,Colombia,Barranquilla,10.9833,-74.8019,283.0,245.0,241.0,211.0,187.0,194.0,217.0,208.0,166.0,167.0,191.0,252.0,2561.0
Americas,Latin America and the Caribbean,Colombia,Bogotá,4.7111,-74.0722,156.0,128.0,107.0,88.0,83.0,94.0,114.0,117.0,109.0,96.0,103.0,138.0,1328.0
Americas,Latin America and the Caribbean,Colombia,Cali,3.4206,-76.5222,183.0,155.8,166.5,139.0,147.1,153.1,189.9,175.1,157.4,151.1,153.8,170.1,1941.9
Americas,Latin America and the Caribbean,Colombia,Medellín,6.2308,-75.5906,175.5,149.0,154.2,127.9,138.9,173.0,203.2,191.6,153.4,132.9,136.4,156.2,1892.2
Americas,Latin America and the Caribbean,Ecuador,Guayaquil,-2.19,-79.8875,102.3,101.7,139.5,150.0,167.4,123.0,127.1,133.3,144.0,136.4,120.0,136.4,1581.1
Americas,Latin America and the Caribbean,Ecuador,Quito,-0.22,-78.5125,197.0,140.0,122.0,136.0,164.0,189.0,249.0,256.0,196.0,177.0,197.0,215.0,2238.0
Americas,Latin America and the Caribbean,Falkland Islands (Malvinas),Stanley,-51.7,-57.85,198.0,161.0,169.0,115.0,77.0,57.0,69.0,90.0,128.0,189.0,200.0,198.0,1651.0
Americas,Latin America and the Caribbean,French Guiana,Cayenne,4.933,-52.33,94.3,89.9,119.0,118.1,118.8,148.6,196.5,229.8,255.2,251.1,217.3,137.5,1976.0
Americas,Latin America and the Caribbean,Guyana,Georgetown,6.8058,-58.1508,201.0,208.6,219.7,197.9,178.8,156.7,201.6,233.7,229.8,235.3,210.9,186.6,2460.6
Americas,Latin America and the Caribbean,Paraguay,Asunción,-25.3,-57.6333,276.0,246.0,254.0,228.0,205.0,165.0,195.0,223.0,204.0,242.0,270.0,295.0,2803.0
Americas,Latin America and the Caribbean,Peru,Arequipa,-16.4,-71.5333,223.2,189.3,244.9,294.0,288.3,291.0,291.4,310.0,297.0,303.8,309.0,291.4,3333.3
Americas,Latin America and the Caribbean,Peru,Lima,-12.06,-77.0375,179.1,169.0,139.2,184.0,116.4,50.6,28.6,32.3,37.3,65.3,89.0,139.2,1230.0
Americas,Latin America and the Caribbean,Uruguay,Montevideo,-34.8836,-56.1819,294.9,230.6,222.8,179.6,164.2,129.7,139.7,164.4,182.3,239.0,248.9,285.3,2481.4
Americas,Latin America and the Caribbean,"Venezuela, Bolivarian Republic of",Caracas,10.4806,-66.9036,229.4,217.5,235.6,183.0,182.9,183.0,210.8,217.0,213.0,210.8,210.0,213.9,2506.9
Americas,Latin America and the Caribbean,"Venezuela, Bolivarian Republic of",Maracaibo,10.6333,-71.6333,300.0,279.0,286.0,257.0,243.0,253.0,301.0,279.0,272.5,283.0,258.0,273.0,3284.2
Americas,Latin America and the Caribbean,"Venezuela, Bolivarian Republic of",Ciudad Bolivar,8.1219,-63.55,248.0,235.2,263.5,234.0,226.3,201.0,232.5,248.0,252.0,260.4,249.0,244.9,2894.8
Oceania,Australia and New Zealand,Australia,Broome,-17.9619,122.2361,257.3,212.8,263.5,294.0,291.4,282.0,306.9,325.5,312.0,337.9,336.0,291.4,3510.7
Oceania,Australia and New Zealand,Australia,Alice Springs,-23.7,133.87,306.0,276.8,300.7,285.0,263.5,252.0,282.1,306.9,300.0,313.1,303.0,310.0,3499.1
Oceania,Australia and New Zealand,Australia,Perth,-31.9559,115.8606,356.5,314.9,295.5,246.0,211.7,180.6,188.4,219.8,232.4,299.8,320.4,359.4,3229.5
Oceania,Australia and New Zealand,Australia,Townsville,-19.25,146.8167,254.2,211.9,244.9,243.9,244.9,231.0,263.5,279.0,291.0,306.9,291.0,288.3,3141.1
Oceania,Australia and New Zealand,Australia,Darwin,-12.4381,130.8411,176.7,162.4,210.8,261.0,297.6,297.0,313.1,319.3,297.0,291.4,252.0,213.9,3092.2
Oceania,Australia and New Zealand,Australia,Brisbane,-27.4678,153.0281,263.5,223.2,232.5,234.0,235.6,198.0,238.7,266.6,270.0,275.9,270.0,265.4,2968.4
Oceania,Australia and New Zealand,Australia,Canberra,-35.2931,149.1269,294.5,254.3,251.1,219.0,186.0,156.0,179.8,217.0,231.0,266.6,267.0,291.4,2813.7
Oceania,Australia and New Zealand,Australia,Adelaide,-34.9275,138.6,325.5,285.3,266.6,219.0,167.4,138.0,148.8,186.0,204.0,257.3,273.0,294.5,2765.4
Oceania,Australia and New Zealand,Australia,Cairns,-16.92,145.78,210.8,173.6,201.5,204.0,210.8,216.0,229.4,251.1,261.0,272.8,255.0,232.5,2718.5
Oceania,Australia and New Zealand,Australia,Launceston,-41.4419,147.145,285.2,256.9,241.8,198.0,155.0,135.0,142.6,170.5,201.0,254.2,267.0,282.1,2589.3
Oceania,Australia and New Zealand,Australia,Sydney,-33.8678,151.21,220.1,189.3,198.4,192.0,182.9,165.0,198.4,213.0,223.2,216.0,241.8,228.0,2468.1
Oceania,Melanesia,Papua New Guinea,Port Moresby,-9.4789,147.1494,182.0,158.0,184.0,200.0,211.0,200.0,203.0,222.0,213.0,231.0,243.0,216.0,2463.0
Oceania,Australia and New Zealand,Australia,Hobart,-42.8806,147.325,257.3,226.0,210.8,177.0,148.8,132.0,151.9,179.8,195.3,232.5,234.0,248.0,2393.1
Oceania,Australia and New Zealand,Australia,Melbourne,-37.8142,144.9631,266.6,228.8,223.2,186.0,142.6,120.0,136.4,164.3,183.0,223.2,225.0,263.5,2362.6
Oceania,Melanesia,Solomon Islands,Honiara,-9.4319,159.9556,186.0,155.4,198.4,192.0,210.8,198.0,186.0,204.6,192.0,226.3,216.0,164.3,2330.0
Oceania,Australia and New Zealand,New Zealand,Christchurch,-43.531,172.6365,224.4,190.5,177.4,155.6,133.3,117.7,124.8,149.0,166.6,201.3,215.3,214.3,2070.2
Oceania,Australia and New Zealand,New Zealand,Wellington,-41.2889,174.7772,240.3,205.0,194.7,153.8,126.0,102.3,111.4,137.2,163.2,191.1,210.8,222.9,2058.7
Oceania,Australia and New Zealand,New Zealand,Hamilton,-37.7833,175.2833,229.8,192.9,193.3,165.1,138.3,112.8,126.4,144.1,147.5,174.8,187.1,207.6,2019.6
Oceania,Australia and New Zealand,New Zealand,Auckland,-36.8406,174.74,228.8,194.9,189.2,157.3,139.8,110.3,128.1,142.9,148.6,178.1,188.1,197.2,2003.1
Oceania,Melanesia,Fiji,Suva,-18.1416,178.4419,192.2,178.0,170.5,153.0,145.7,141.0,136.4,142.6,135.0,164.3,168.0,195.3,1922.0
Oceania,Australia and New Zealand,New Zealand,Dunedin,-45.8742,170.5036,179.6,158.0,146.1,125.9,108.4,95.3,110.6,122.2,136.8,165.5,166.9,168.3,1683.7
